{"cameraMode":{"drawMode":0,"name":"Shaded","section":"Shading Mode"},"sceneLighting":false,"audioPlay":false,"sceneViewState":{"showFog":false,"showMaterialUpdate":false,"showSkybox":false,"showFlares":false,"showImageEffects":false,"showParticleSystems":false},"in2DMode":false,"pivot":{"x":-2.4972524642944338,"y":9.994297981262207,"z":-1.9543399810791016},"rotation":{"x":0.0846986249089241,"y":0.6281138062477112,"z":-0.06905462592840195,"w":0.7704097628593445},"size":11.35765552520752,"orthographic":false}