{"cameraMode":{"drawMode":0,"name":"Shaded","section":"Shading Mode"},"sceneLighting":true,"audioPlay":false,"sceneViewState":{"showFog":false,"showMaterialUpdate":false,"showSkybox":false,"showFlares":false,"showImageEffects":false,"showParticleSystems":false},"in2DMode":false,"pivot":{"x":240.87867736816407,"y":-52.08235168457031,"z":-26.837684631347658},"rotation":{"x":0.08147992193698883,"y":0.7419942021369934,"z":-0.09172742068767548,"w":0.6590898036956787},"size":262.50665283203127,"orthographic":false}