{"cameraMode":{"drawMode":0,"name":"Shaded","section":"Shading Mode"},"sceneLighting":false,"audioPlay":false,"sceneViewState":{"showFog":false,"showMaterialUpdate":false,"showSkybox":false,"showFlares":false,"showImageEffects":false,"showParticleSystems":false},"in2DMode":false,"pivot":{"x":-0.027070164680480958,"y":-0.15256091952323914,"z":0.9879232048988342},"rotation":{"x":-0.17513643205165864,"y":-0.6281089782714844,"z":0.14793552458286286,"w":-0.7435985207557678},"size":4.7896809577941898,"orthographic":false}