{"cameraMode":{"drawMode":0,"name":"Shaded","section":"Shading Mode"},"sceneLighting":false,"audioPlay":false,"sceneViewState":{"showFog":false,"showMaterialUpdate":false,"showSkybox":false,"showFlares":false,"showImageEffects":false,"showParticleSystems":false},"in2DMode":false,"pivot":{"x":0.24751269817352296,"y":-0.8790159225463867,"z":-1.0941290855407715},"rotation":{"x":0.007824712432920933,"y":0.9875696301460266,"z":-0.14805443584918977,"w":0.052192963659763339},"size":5.793148517608643,"orthographic":false}